sim_nr,ψ_Q,ψ_E,μ1,κ_upper,ω,ϵ,α_cp,ψ_P,p_f
13,0.3721678103336017,0.08477582807849807,0.39759262650760985,0.03832978967823829,0.9004575930604755,0.05151720151194742,0.7343223151416001,0.014001730854576566,0.702271418744571
14,0.4396892905948017,0.04221242126607631,0.09115252452769781,0.008879444933414195,0.3978039886316595,0.019347399376351264,0.6820010891222145,0.22755925202802874,0.08594150483407834
15,0.16402919037282832,0.05097164046891972,0.2735020932040295,0.036324432622296426,0.5900170991020006,0.09243920298637298,0.8691979431924046,0.3590886996932475,0.371731058249237
16,0.08374790233243833,0.010533383758679894,0.1863256741799561,0.013956096574783179,0.09200611720839413,0.030491245505992887,0.5074590058468769,0.405239304763538,0.808142090342501
