sim_nr,ψ_Q,ψ_E,μ1,κ_upper,ω,ϵ,α_cp,ψ_P,p_f
53,0.231593618949529,0.07762492938152908,0.025157524014672406,0.026271400948015805,0.03999853320769017,0.07704210356713226,0.993648713128146,0.44993372496869766,0.0017784369517723775
54,0.4708401106080712,0.07029397807663328,0.12502007349388716,0.0056976915902323165,0.3481979681874444,0.05936589698693744,0.5718463410126287,0.20152278287635655,0.7722668771851535
55,0.09829502418484298,0.016373606088208748,0.20557800483392158,0.024174085402965655,0.6069052137637921,0.02096814506056915,0.8463462072542933,0.28723822887035566,0.7222261911553548
56,0.34849137310182976,0.046577128085926456,0.3106854426073517,0.048756361729607726,0.9009103392045319,0.034229084808263054,0.4383266231687854,0.01456205791747453,0.42357363384014257
