sim_nr,ψ_Q,ψ_E,μ1,κ_upper,ω,ϵ,α_cp,ψ_P,p_f
1,0.4719754356425515,0.023076442993439573,0.1284130560662835,0.04212578840340448,0.8533720571103954,0.035988461942734154,0.5695293713096925,0.46466268293261775,0.21318012562974578
2,0.11564149769435146,0.08248456820545243,0.268842088701475,0.030145766362342608,0.3732069772641031,0.08765234990011457,0.8280580934380583,0.1465088213404449,0.905871365968111
3,0.1705614526645547,0.02657635465455447,0.33778449410845557,0.020357802483628437,0.5010002126905049,0.00671934575278938,0.9810234241468385,0.3423568756826738,0.35301970345468736
4,0.35375073817522246,0.06252285097374348,0.04811080796950236,0.006776634342479078,0.12763864642219544,0.05603548394460172,0.4246328681804655,0.05045137123470475,0.5139998963692283
