sim_nr,ψ_Q,ψ_E,μ1,κ_upper,ω,ϵ,α_cp,ψ_P,p_f
9,0.3156513054708562,0.08878801596909158,0.010157371681517214,0.043372564868148104,0.0522568374853086,0.09423641127711464,0.6614067362053639,0.15131660107279601,0.7268248733228866
10,0.4219029906574292,0.06610152500330027,0.2399923471915829,0.005694605528541405,0.9123181691788376,0.06961474259153597,0.9975337778933875,0.11382509730065547,0.9217374887760528
11,0.21255833409940073,0.011126936820152662,0.14134748573300657,0.017318356828577137,0.7335792006469427,0.008245092649621297,0.4153727446587212,0.33153756402723483,0.46696819441038506
12,0.07458563765697374,0.036939913214370984,0.34624656273268306,0.03530962633956762,0.34914302763174854,0.043516599277217176,0.8286442140880095,0.45914234757801714,0.08850952312702284
