sim_nr,ψ_Q,ψ_E,μ1,κ_upper,ω,ϵ,α_cp,ψ_P,p_f
29,0.1198261014742579,0.08827961536563574,0.06573684757503508,0.014752094672875929,0.23282887207873787,0.010717620435603576,0.6130200718962785,0.09923740221886712,0.6990337723375615
30,0.316749362617949,0.07038019014240991,0.3017160035913681,0.030421224018883936,0.627675007567502,0.06421812447952556,0.40009679557821926,0.2995995951599603,0.04930890215585132
31,0.16450259677335097,0.012092405802458909,0.16735544746517766,0.04816675353945658,0.28843442510693096,0.09652844879779401,0.7847028930908437,0.40594761537226304,0.3606093745994833
32,0.45011809106173445,0.029360819382894678,0.26214133854830446,0.004652364990322485,0.8981434961055742,0.03670953975241095,0.9753132266703658,0.14223810569835102,0.8178890080829452
