sim_nr,ψ_Q,ψ_E,μ1,κ_upper,ω,ϵ,α_cp,ψ_P,p_f
37,0.4484094301428345,0.0494757302085051,0.06899875879602571,0.014735619227652028,0.7031412121652749,0.04367837099416694,0.5381403011135815,0.15704787499117107,0.7392267933926677
38,0.025393340618767593,0.06193650318690678,0.36389816373676553,0.03579313827128214,0.3543093778103701,0.05763128723438628,0.6996980474486836,0.33291745625130587,0.4629770264357185
39,0.20167518061463857,0.016555085683037565,0.23664883667054026,0.002955711344949985,0.9043380574035872,0.08876146794565654,0.9553662325329266,0.460165103995941,0.19043808075756793
40,0.3749726027706133,0.09621130681871588,0.18573227435614156,0.04267493875143651,0.010687823984513761,0.010344622605800158,0.7235757423409603,0.046341724844530266,0.8163195925398099
