sim_nr,ψ_Q,ψ_E,μ1,κ_upper,ω,ϵ,α_cp,ψ_P,p_f
5,0.23632317643584017,0.009473592234514681,0.14771418093958233,0.045544092036122155,0.44930005000113443,0.0883349085977597,0.5811117446222199,0.06421469201597303,0.12153116909426045
6,0.1074408512063295,0.09440193450872597,0.37325981418911847,0.01254864039843341,0.6255329471664444,0.055661527513152065,0.4993116877916739,0.2918150566746712,0.5668134452165513
7,0.34794460729941523,0.0689745852575775,0.013366504790350599,0.0012330176035132451,0.8812368088170571,0.006623270309988317,0.9549374425246306,0.21149995451609355,0.27377406379137903
8,0.49422102259975986,0.0300934458063304,0.29179643873689914,0.026181930889943156,0.05824273314126677,0.04742841874007153,0.7865065182844344,0.383046236219422,0.757022641669553
