sim_nr,ψ_Q,ψ_E,μ1,κ_upper,ω,ϵ,α_cp,ψ_P,p_f
21,0.09773252527222975,0.03813592065963014,0.18338136156944224,0.002338546980406961,0.8221747207491581,0.02716170086296679,0.666576110854444,0.2671161828310772,0.2587559794204124
22,0.2673831673584843,0.01001379980714415,0.39931879161620537,0.04864283383001596,0.43999227433296195,0.07735994184411935,0.8151711074742207,0.4201798127758935,0.736326902854812
23,0.1725234389571563,0.09037420298965988,0.29129802757473805,0.03183244352908893,0.13337832511520248,0.005089471937446014,0.452082593529167,0.011256251779149531,0.8373388543658664
24,0.4966428063422156,0.0586586664758417,0.006904884439599946,0.013614103048627686,0.6871895367466356,0.05266089138227226,0.9790060644525374,0.1818409574063978,0.011376493337580534
