sim_nr,ψ_Q,ψ_E,μ1,κ_upper,ω,ϵ,α_cp,ψ_P,p_f
49,0.14174391640373296,0.04866807438980171,0.011371714264454637,0.00908020568972488,0.9690376335964204,0.08448153282402045,0.8131525002827262,0.2609712495977281,0.165356036066047
50,0.37689022206259937,0.06107178812790907,0.1204913930174178,0.029516461234324456,0.5271788313052025,0.004855449674254675,0.5454799753939047,0.16179029169454362,0.3275847071708484
51,0.37440148336881046,0.0979658752729811,0.35053598915169837,0.039994311580632616,0.3784783075050269,0.04547986919044012,0.8884651229024266,0.45081399726739346,0.6857696859672586
52,0.11875835432967248,0.02087680014398717,0.25466695778879966,0.017004152299076727,0.14255535157190635,0.07160247102717845,0.5541689620564849,0.030535145643271172,0.9793921181741344
