sim_nr,ψ_Q,ψ_E,μ1,κ_upper,ω,ϵ,α_cp,ψ_P,p_f
45,0.05846216789442585,0.05165931537932596,0.001488800981843086,0.03562897289026499,0.33717621320814634,0.08286943803503048,0.809827887645671,0.30032283587924746,0.9584019942960831
46,0.49699450762605124,0.01781796596487224,0.21108357552003396,0.003809523748914856,0.03254692189416661,0.012113292768702788,0.6241716168411119,0.12294602661597255,0.41666769478105314
47,0.1769908810047704,0.09123405649257368,0.10720876229291575,0.018169126932288556,0.7966585482407628,0.06737043796488683,0.4131510855966321,0.46079027613074386,0.023218139952632777
48,0.3322251346721363,0.03810933193851879,0.3569972623966046,0.04437501945900309,0.5230552401246815,0.039060258095495036,0.8914617632264605,0.16164526177902352,0.6044012635106963
