sim_nr,ψ_Q,ψ_E,μ1,κ_upper,ω,ϵ,α_cp,ψ_P,p_f
57,0.42492224428267633,0.07826681619816914,0.37087971463501396,0.04039850305872568,0.372186078309232,0.03247720890912785,0.4079809605275606,0.14968443823474095,0.05805403938106293
58,0.18323138122337362,0.07286233736225194,0.07248880369115941,0.027631208802551505,0.9576907711269786,0.09305063189471015,0.8468717098791863,0.4521154817144915,0.5422135607342431
59,0.03878332785980866,0.008280713393949007,0.13636173301818874,0.02484319353467156,0.5137054636277149,0.013976616849338772,0.5579788869670606,0.12127069903068767,0.9257507774237865
60,0.31281595365762127,0.026178449550605932,0.2900573591884576,0.008781588082245743,0.16570682121064728,0.06355658492686993,0.965305746743859,0.25100605884504523,0.45744434499269526
