sim_nr,ψ_Q,ψ_E,μ1,κ_upper,ω,ϵ,α_cp,ψ_P,p_f
61,0.4291443167884817,0.06274787045046577,0.38725732995833734,0.02367663761045955,0.3747999044014797,0.05792352512631519,0.5784450083346853,0.23222983874807024,0.38336654749658816
62,0.1529052019122345,0.09347223062474992,0.15814427544879928,0.027377900849792264,0.7203071087278189,0.0016155796962171955,0.7420323283957564,0.4029526328369902,0.9282383888638046
63,0.06305377323840218,0.04644435174601959,0.2666986811742328,0.0011354529901465447,0.05390062705778839,0.043542096014274216,0.91571550983924,0.05951762516325823,0.05519175351931502
64,0.3090118904565663,0.007462756455475414,0.0479712146212976,0.048200315880162214,0.7679498086058207,0.09863411782725395,0.46592837590321806,0.28650215003126084,0.5091955569016946
