sim_nr,ψ_Q,ψ_E,μ1,κ_upper,ω,ϵ,α_cp,ψ_P,p_f
25,0.4107637362561526,0.024815534265234057,0.3768539766895622,0.04433342377290616,0.5625420167225835,0.06483361199768965,0.6695231034758318,0.2800931789961467,0.08341098208235087
26,0.1916524899707458,0.09098202933492971,0.20374822480092303,0.028703556410912403,0.3039602078753704,0.03569900184315705,0.8808532923148532,0.49779712982402524,0.255885188935295
27,0.050136351975793636,0.06775344851169,0.11382919310081237,0.02310585029673542,0.06931488071220424,0.08116789823744255,0.8183603467169088,0.0029343356969833423,0.6975652948774378
28,0.3304600593014947,0.02888259609291425,0.020829502446958782,0.0074900394870501975,0.8049641719697397,0.009650787851066746,0.4412456702672693,0.1765235073669087,0.921476973449082
