sim_nr,ψ_Q,ψ_E,μ1,κ_upper,ω,ϵ,α_cp,ψ_P,p_f
17,0.2202065313859155,0.04225951402468815,0.12397701436896194,0.02964014542103211,0.8885899753043538,0.042268160795308096,0.4531126965520592,0.3907314966364966,0.2137825969084243
18,0.44004278651377066,0.009323319575909891,0.30748963019823145,0.015202908090149998,0.5383489941090205,0.0026292294212321102,0.8389223481721103,0.28714255838823016,0.8017487902019449
19,0.07848473002246326,0.0905071436267721,0.20938882279686052,0.009967665948349122,0.019078344959711696,0.06223925475689526,0.9201636202831026,0.13147736781483987,0.7368434733351615
20,0.30145577362054865,0.055476084515677995,0.00590413717679742,0.041552981823959285,0.3421382685889624,0.07615670788324196,0.5941671180183232,0.07882303055097618,0.31999521884649396
