sim_nr,ψ_Q,ψ_E,μ1,κ_upper,ω,ϵ,α_cp,ψ_P,p_f
33,0.37422033893190754,0.02672110975800497,0.2749141181445447,0.04307560502906972,0.708104521154746,0.05906805233709148,0.899158338690397,0.05968115996560733,0.8871273284221944
34,0.49777157957422113,0.008499096101611193,0.028725919139187206,0.0035831563515832596,0.9352687738086948,0.011088542635623009,0.7291827177590187,0.46406053256283714,0.49433195790472856
35,0.07440266387272375,0.09338968227908595,0.13143295124853618,0.02131745869128835,0.32697223263213127,0.0787636780533551,0.6002980010456336,0.2827912481443067,0.7424190143213699
36,0.1967908797439452,0.061429139703809636,0.3552008214286517,0.03450291443888572,0.18612264449970067,0.025215669477003922,0.41630884518138644,0.1719600305934242,0.006005392593338377
