sim_nr,ψ_Q,ψ_E,μ1,κ_upper,ω,ϵ,α_cp,ψ_P,p_f
41,0.2588512532232753,0.06077328820350462,0.3929811922836341,0.03294065997437227,0.9673199237102439,0.046955652422352036,0.8312533390558872,0.166382023823537,0.9560935143698067
42,0.4534045211457167,0.04800490273215466,0.13924672319291007,0.04842957014517291,0.6213329353073664,0.01446506104791922,0.5159667342066756,0.27672171762671394,0.29978471580045263
43,0.07843546666014384,0.09970557188393067,0.20163198449740502,0.014994364380234833,0.3943881155278441,0.09932004907158348,0.6219856788649107,0.07821355008943383,0.10619337352621405
44,0.1339532824967165,0.020938753176261312,0.07204510921017342,0.00994865678418872,0.15869794176819002,0.050322135302409546,0.9689120075033837,0.3756103764689255,0.6316360368093936
