sim_nr,GDP,em_index,energy_percentage
1,536559.7348017374,188.52826561879155,0.7390905209610773
2,71706844.0566826,96.86965717186698,0.16525057937968368
