sim_nr,GDP,em_index,energy_percentage
3,598152.5632467612,98.43956131044632,0.5667369620665681
4,612075.6179185521,183.55603132372505,0.7501083210605662
